{"in-out-out": [-1.025e-04, 0.0896, -0.358], "out-out-out": [-0.00808, 2.069, -8.437], "PL_cal_factor": 1.7832362718915656e14}