{"Scaling Factor": 1.6695452784220843, "FOV Beam Power Fraction": 0.2042648099577377, "FOV Area": 7.29e-08, "out-out-out": [-2.206748466257669e-10, 4.3003346346904636e-07, 3.035973229224763e-06], "out-out-in": [-1.1689905186837703e-10, 2.1809815950920248e-07, 1.5133853876185164e-06], "out-in-out": [-5.2900167317345237e-11, 1.0488008923591746e-07, 7.423312883435583e-07], "in-out-out": [-1.3775794757389851e-11, 2.6079196876742887e-08, 2.0641383156720583e-07]}