{"in-out-out": [-2.363604376721973e-05, 0.027678612306386744, -0.10830812285164622], "out-in-out": [-9.718702601681138e-05, 0.11380931770234555, -0.44534290328288495], "out-out-in": [-0.00020475840799316807, 0.23977906992945605, -0.938270339412227], "out-out-out": [-0.00043002165538260604, 0.5035700051965954, -1.9705005938701599], "PL_cal_factor": 12704552650899.79}