{"in-out-out": [-2.7455255809799633e-05, 0.03215103969243934, -0.1258090079903818], "out-in-out": [-0.00011289091723487987, 0.13219910920076103, -0.5173032954723057], "out-out-in": [-0.00023784413863949376, 0.27852358743213707, -1.0898800341128472], "out-out-out": [-0.0004995063754559823, 0.5849389790853698, -2.288902424233026], "PL_cal_factor": 628642788028.0505}