{"in-out-out": [-2.0110686809237076e-06, 0.0014167061445885987, -0.006454197127813149], "out-in-out": [-8.511047252365607e-06, 0.005995644531529398, -0.027314818858234623], "out-out-in": [-1.7704425985624378e-05, 0.012471960464685718, -0.05681946938456238], "out-out-out": [-3.73470003425368e-05, 0.02630925804230731, -0.11985911004915197], "PL_cal_factor": 58817915116995.53}