{"in-out-out": [-5.497513184834013e-05, 0.05852096175178538, -0.2229339818105729], "out-in-out": [-0.00023270019106112915, 0.24770907359147404, -0.9436408502748317], "out-out-in": [-0.0004816802757832956, 0.5127480744105696, -1.9532995780023341], "out-out-out": [-0.0010148015676363282, 1.0802550485759403, -4.115201666908034], "PL_cal_factor": 178323627189156.5}