{"in-out-out": [-1.9213787502030937e-06, 0.0020251387857417734, -0.008111663215371889], "out-in-out": [-7.95403754186153e-06, 0.008383578681489685, -0.03358029942570425], "out-out-in": [-1.6419672811790462e-05, 0.017306382854932547, -0.06932045852061386], "out-out-out": [-3.441806178073871e-05, 0.03627673712684863, -0.1453059297453483], "PL_cal_factor": 58817915116995.53}