{"in-out-out": [-1.995578086111529e-05, 0.03596014293008089, 0.18304199838995636], "out-in-out": [-8.817209372457641e-05, 0.1175751541325133, 0.5194973482866906], "out-out-in": [-0.0006724036039200113, 0.3362899337666612, 1.0350319342153014], "out-out-out": [-0.003569876668111238, 0.7550998851318612, 1.236079281071079], "in-out-in": [-1.0129838e-05, 0.01825388, 0.09291472], "PL_cal_factor": 25620295924843.086}