{"in-out-out": [-7.5455681626381425e-06, 0.013186656307283868, 0.0667611206667144], "out-in-out": [-3.0629732069597834e-05, 0.052377130059358054, 0.26058763368341264], "out-out-in": [-6.277625910430397e-05, 0.10838901877348212, 0.5534200751470758], "out-out-out": [-0.00012344250154739826, 0.2109783564044163, 1.056919290066682], "PL_cal_factor": 9850492056984.5}