{"out-out-out": [-2.7975886769419956e-06, 0.004263827358797487, -0.022207289876102838], "PL_cal_factor": 58817915116995.53}