{"Scaling Factor": 9.423416489570216e-05, "FOV Area": 7.29e-08, "out-out-out": [-2.0493586168432797e-10, 3.7590630228667043e-07, 2.605131065253765e-06], "out-out-in": [-1.196876742889013e-10, 2.0741773563859455e-07, 1.447573898494144e-07], "out-in-out": [-5.532626882320134e-11, 1.0992749581706636e-07, 8.18739542665923e-08], "in-out-out": [-1.3973786949247073e-11, 2.4958170663692135e-08, 1.7928053541550474e-07]}